{
  "next.config.ts": 1777248793.7402139,
  "next-env.d.ts": 1777258910.4888382,
  "postcss.config.mjs": 1777215067.0882576,
  "eslint.config.mjs": 1777215067.0879714,
  "src/middleware.ts": 1777248665.315783,
  "src/app/layout.tsx": 1777249300.929791,
  "src/app/sw.ts": 1777248777.2482598,
  "src/app/(app)/layout.tsx": 1777255255.9956107,
  "src/app/(app)/page.tsx": 1777255340.0752153,
  "src/app/(app)/nomina/page.tsx": 1777260411.7072263,
  "src/app/(app)/reportes/page.tsx": 1777261156.640941,
  "src/app/(app)/cierre/page.tsx": 1777252470.5483842,
  "src/app/(app)/embarques/page.tsx": 1777252538.1782305,
  "src/app/(app)/pedidos/page.tsx": 1777249251.9854848,
  "src/app/(app)/dashboard/page.tsx": 1777257175.8411825,
  "src/app/(app)/clientes/page.tsx": 1777255854.7247016,
  "src/app/(app)/gastos/page.tsx": 1777260426.2307484,
  "src/app/(app)/insumos/page.tsx": 1777261113.643344,
  "src/app/(app)/facturas/page.tsx": 1777260289.4928522,
  "src/app/(app)/produccion/page.tsx": 1777252518.813275,
  "src/app/offline/page.tsx": 1777248689.893986,
  "src/app/(auth)/login/page.tsx": 1777254962.4286869,
  "src/app/api/config/route.ts": 1777257244.0380878,
  "src/app/api/config/BASE_DIA/route.ts": 1777255174.5978587,
  "src/app/api/nomina/route.ts": 1777260399.8588006,
  "src/app/api/cierre/route.ts": 1777261243.2763107,
  "src/app/api/cierre/last/route.ts": 1777256623.7601376,
  "src/app/api/embarques/route.ts": 1777254209.4684105,
  "src/app/api/embarques/[id]/route.ts": 1777252504.1803086,
  "src/app/api/pedidos/route.ts": 1777260249.2844217,
  "src/app/api/pedidos/[id]/route.ts": 1777252496.6003258,
  "src/app/api/abonos/route.ts": 1777260238.0180218,
  "src/app/api/clientes/route.ts": 1777261505.761523,
  "src/app/api/clientes/[id]/route.ts": 1777252419.5834956,
  "src/app/api/search/route.ts": 1777248612.7812774,
  "src/app/api/auth/[...nextauth]/route.ts": 1777248659.7562537,
  "src/app/api/gastos/route.ts": 1777260416.3983948,
  "src/app/api/insumos/route.ts": 1777261136.8666592,
  "src/app/api/facturas/route.ts": 1777260231.5797935,
  "src/app/api/produccion/route.ts": 1777252518.8102753,
  "src/app/api/proveedores/route.ts": 1777261119.4674213,
  "src/app/api/compras/route.ts": 1777261510.9536388,
  "src/app/api/trabajadores/route.ts": 1777254215.3754244,
  "src/components/base-caja-modal.tsx": 1777255172.3527982,
  "src/components/pedido-form.tsx": 1777258558.9905062,
  "src/components/embarque-card.tsx": 1777248636.7429328,
  "src/components/providers.tsx": 1777249281.9806824,
  "src/components/cliente-form.tsx": 1777248636.71793,
  "src/components/offline-banner.tsx": 1777248674.733653,
  "src/components/app-sidebar.tsx": 1777248634.2926729,
  "src/components/ui/button.tsx": 1777248623.3274775,
  "src/components/ui/badge.tsx": 1777248629.1771216,
  "src/components/ui/input.tsx": 1777248624.8196433,
  "src/components/ui/card.tsx": 1777248624.0625594,
  "src/components/ui/label.tsx": 1777248625.6807384,
  "src/components/ui/table.tsx": 1777248629.1781218,
  "src/components/ui/tabs.tsx": 1777248628.1490097,
  "src/components/ui/select.tsx": 1777248626.3258097,
  "src/components/ui/dialog.tsx": 1777248627.2259085,
  "src/hooks/use-online-status.ts": 1777248841.1506228,
  "src/hooks/use-offline-queue.ts": 1777248618.2199028,
  "src/types/sw.d.ts": 1777248801.0106144,
  "src/types/index.ts": 1777248603.2621498,
  "src/stores/app-store.ts": 1777248603.7722113,
  "src/lib/auth.ts": 1777255444.213651,
  "src/lib/utils.ts": 1777248602.6440752,
  "src/lib/cn.ts": 1777248615.111547,
  "src/lib/auth-server.ts": 1777255329.5237353,
  "src/lib/prisma.ts": 1777248601.1208901,
  "src/lib/db/offline.ts": 1777248682.9313838,
  "src/lib/db/sync.ts": 1777248686.343681,
  "prisma/seed.ts": 1777257265.739311,
  "prisma/create-users.ts": 1777255054.277649,
  "prisma/seed.js": 1777260123.2369711,
  "CLAUDE.md": 1777215104.698756,
  "README.md": 1777215067.0879195,
  "AGENTS.md": 1777215104.698756,
  "obsidian/bambu_demo_multimodelo-20260426-221141.md": 1777259501.16442,
  "obsidian/bambu_demo_multimodelo-20260426-222236.md": 1777260156.928546,
  "obsidian/bambu_demo_multimodelo-20260426-215801.md": 1777258681.140462,
  "obsidian/bambu_demo_multimodelo-20260426-224441.md": 1777261481.0623212,
  "obsidian/bambu_demo_multimodelo-20260426-231105.md": 1777263065.6496797,
  "obsidian/bambu_demo_multimodelo-20260426-223751.md": 1777261071.1506503,
  "obsidian/bambu_demo_multimodelo-20260426-222630.md": 1777260390.0945904,
  "obsidian/bambu_demo_multimodelo-20260426-220733.md": 1777259253.6646693,
  "obsidian/bambu_demo_multimodelo-20260426-230121.md": 1777262481.7307615,
  "docs/ANALISIS-AGUA-BAMBU-V2.md": 1777257818.7053094,
  "public/globe.svg": 1777215067.0883145,
  "public/file.svg": 1777215067.0879714,
  "public/next.svg": 1777215067.0884538,
  "public/window.svg": 1777215067.0884538,
  "public/vercel.svg": 1777215067.0885348
}