{
  "src/proxy.ts": 1778126188.8405335,
  "src/app/(app)/sidebar.tsx": 1778120670.1342955,
  "src/app/(app)/nav-data.tsx": 1778120599.6813097,
  "src/app/(app)/layout.tsx": 1778121987.982816,
  "src/app/(app)/app-shell.tsx": 1778120678.7521622,
  "src/app/(app)/header.tsx": 1778120639.4622314,
  "src/app/(app)/cierre/cierre-client/index.tsx": 1778120927.2179077,
  "src/app/(app)/precios/precios-client/index.tsx": 1778121853.5395994,
  "src/app/(app)/dashboard/page.tsx": 1778119879.9614134,
  "src/app/(app)/clientes/clientes-client/cliente-table.tsx": 1778121814.9524212,
  "src/app/(app)/clientes/clientes-client/index.tsx": 1778121869.489527,
  "src/app/(app)/clientes/clientes-client/cliente-form.tsx": 1778121808.251053,
  "src/app/(app)/rutas/analisis/analisis-client/index.tsx": 1778121866.8313713,
  "src/app/(app)/recurrentes/nuevo/nuevo-client/index.tsx": 1778121847.7852685,
  "src/app/(app)/recurrentes/recurrentes-client/index.tsx": 1778121864.0212073,
  "src/app/(app)/proveedores/proveedores-client/proveedor-form-modal.tsx": 1778121832.947425,
  "src/app/(app)/proveedores/proveedores-client/proveedor-card.tsx": 1778121835.9125924,
  "src/app/(app)/trabajadores/trabajadores-client/trabajador-form-modal.tsx": 1778121838.994767,
  "src/app/(app)/trabajadores/trabajadores-client/trabajador-card.tsx": 1778121817.3545537,
  "src/app/(app)/trabajadores/trabajadores-client/index.tsx": 1778121841.9539354,
  "src/app/api/openapi.json/route.ts": 1778127036.7371542,
  "src/app/api/embarques/route.ts": 1778122028.4224942,
  "src/app/api/embarques/[id]/route.ts": 1778122028.428422,
  "src/app/api/embarques/[id]/cerrar/route.ts": 1778127339.848854,
  "src/app/api/embarques/auto/route.ts": 1778122028.4202187,
  "src/app/api/pedidos/route.ts": 1778122028.4355304,
  "src/app/api/pedidos/[id]/route.ts": 1778122028.4499404,
  "src/app/api/pedidos/[id]/enviar/route.ts": 1778122028.4400575,
  "src/app/api/clientes/route.ts": 1778122028.4475064,
  "src/app/api/clientes/[id]/route.ts": 1778122028.4319563,
  "src/app/api/rutas/route.ts": 1778122028.4256375,
  "src/app/api/health/route.ts": 1778120093.4348469,
  "src/app/api/facturas/route.ts": 1778122028.4179456,
  "src/app/api/recurrentes/route.ts": 1778122028.442933,
  "src/components/base-caja-loader.tsx": 1778121973.435889,
  "src/components/ruta-form.tsx": 1778121938.6027021,
  "src/components/empty-state.tsx": 1778127630.6736794,
  "src/components/venta-rapida-form/index.tsx": 1778123431.4157584,
  "src/lib/request-id.ts": 1778126114.2052095,
  "src/lib/pricing.ts": 1778127391.9625857,
  "src/lib/logger.ts": 1778126200.1473403,
  "graphify-out/GRAPH_REPORT.md": 1778128844.4415312
}